{"cameraMode":{"drawMode":0,"name":"Shaded","section":"Shading Mode"},"sceneLighting":true,"audioPlay":false,"sceneViewState":{"showFog":true,"showMaterialUpdate":false,"showSkybox":true,"showFlares":true,"showImageEffects":true,"showParticleSystems":true},"in2DMode":false,"pivot":{"x":11.997802734375,"y":5.000732421875,"z":4.97760009765625},"rotation":{"x":0.22662639617919923,"y":-0.751531183719635,"z":0.3216456472873688,"w":0.5295175909996033},"size":1.734007716178894,"orthographic":true}