{"cameraMode":{"drawMode":0,"name":"Shaded","section":"Shading Mode"},"sceneLighting":false,"audioPlay":false,"sceneViewState":{"showFog":true,"showMaterialUpdate":false,"showSkybox":false,"showFlares":true,"showImageEffects":true,"showParticleSystems":true},"in2DMode":false,"pivot":{"x":750.329833984375,"y":144.37890625,"z":225.67568969726563},"rotation":{"x":-0.2844689190387726,"y":0.31689348816871645,"z":-0.10007685422897339,"w":-0.8993026614189148},"size":166.3384552001953,"orthographic":false}