{"cameraMode":{"drawMode":0,"name":"Shaded","section":"Shading Mode"},"sceneLighting":true,"audioPlay":false,"sceneViewState":{"showFog":true,"showMaterialUpdate":false,"showSkybox":true,"showFlares":true,"showImageEffects":true,"showParticleSystems":true},"in2DMode":false,"pivot":{"x":-2.339622974395752,"y":1.4870376586914063,"z":4.6190361976623539},"rotation":{"x":0.11388498544692993,"y":0.8854427337646484,"z":-0.33516767621040347,"w":0.30131447315216067},"size":6.621870040893555,"orthographic":false}